{
    "scaler_mean": [
        3.88075425750969,
        28.60828488372093,
        5.43523502048753,
        1.096684748789538
    ],
    "scaler_scale": [
        1.9042362577470788,
        12.6021177300953,
        2.387302579723395,
        0.4332014262644865
    ],
    "model_coefficients": [
        1.0383184481761552,
        0.2024240646117781,
        -0.5362354208274094,
        0.4821479598327538
    ],
    "model_intercept": 2.071946937378876,
    "features": [
        "MedInc",
        "HouseAge",
        "AveRooms",
        "AveBedrms"
    ]
}